{
  "mode": "embeddings+heads",
  "roles": [
    "zone_0",
    "zone_1"
  ],
  "n_groups": 11,
  "vec_dim": 2564,
  "labels": [
    "bear_breakout",
    "consolidation",
    "neutral"
  ],
  "metrics": {
    "per_label": {
      "bear_breakout": {
        "precision": 0.49999999975,
        "recall": 0.9999999989999999,
        "f1": 0.6666666657777777,
        "support": 1
      },
      "consolidation": {
        "precision": 0.49999999975,
        "recall": 0.9999999989999999,
        "f1": 0.6666666657777777,
        "support": 1
      },
      "neutral": {
        "precision": 0.49999999975,
        "recall": 0.9999999989999999,
        "f1": 0.6666666657777777,
        "support": 1
      }
    }
  },
  "auto_params": {
    "num_leaves": 31,
    "lr": 0.05,
    "rounds": 100,
    "early": 20
  }
}